# Redirects from what the browser requests to what we serve

/2020/07/the-battle-against-them-would-be-in-the-shade-and-not-in-the-sun/               http://adamtervortcom.local/2020/07/the-battle-against-them-would-be-in-the-shade/               301

/2020/06/the-magic-of-pto/               http://adamtervortcom.local/2020/06/magic-of-pto/               301

/2020/07/starting-can-be-the-hardest-part/               http://adamtervortcom.local/2020/07/starting-can-be-hardest/               301

/2020/07/youre-not-the-first-person-to-think-of-this/               /2020/07/not-first-to-think-of-this/               301

/far-from-commonplace-fathers/               /2020/06/far-from-commonplace-fathers/               301

/2020/04/things-move-a-little-slower-here/               /2020/04/things-move-slower-here/               301

/2020/04/the-right-way-is-the-hard-way/               /2020/04/right-way-is-hard-way/               301

/2020/04/life-filled-to-the-brim-with-experiences/               /2020/04/filled-with-experiences/               301

/2020/03/a-poem-called-pandemic-and-other-thoughts/               /2020/03/pandemic-poem/               301

/2020/08/the-joy-of-morning-walks/               /2020/08/joy-of-morning-walks/               301

/2020/08/joy-of-morning-walks/               /2020/03/joy-of-morning-walks/               301

/2020/02/luckiest-man-on-the-face-of-the-earth-by-lou-gehrig/               /2020/02/luckiest-man-speech/               301

/2020/02/gratitude-for-mentors-is-repaid-through-mentoring-others/               /2020/02/gratitude-for-mentors-mentoring-others/               301

/2020/02/personal-renewal-by-john-w-gardner/               /2020/02/personal-renewal-speech/               301

/personal-renewal-speech               /2020/02/personal-renewal-speech/               301

/2020/02/a-letter-to-my-14-year-old-self/               /2020/02/letter-to-14-year-old-me/               301

/2020/02/the-rituals-in-work/               /2020/02/rituals-in-work/               301

/2020/02/developing-character-in-kids/               /2020/02/developing-character-kids/               301

/2020/02/thoughts-on-letter-writing/               /2020/02/on-letter-writing/               301

/2020/02/awareness-of-the-waterfall-of-your-thoughts/               /2020/02/awareness-thought-waterfall/               301

/2020/01/leap-year-thoughts/               /2020/01/leap-year-habits/               301

/2020/01/break-tasks-down-into-small-chunks/               /2020/01/break-tasks-down/               301

/2020/01/do-a-good-deed-daily/               /2020/01/good-deed-daily/               301

/2020/01/getting-goals-and-habits-to-stick/               /2020/01/goals-and-habits-stick/               301

/2020/01/resources-for-reading-online-content/               /2020/01/reading-online-content/               301

/2020/01/a-new-years-do-not-list/               /2020/01/a-new-years-do-not/               301

/2019/12/reading-digital-content-on-analog-medium/               /2019/12/reading-digital-on-analog/               301

/2019/12/getting-tweets-via-email/               /2019/12/tweets-via-email/               301

/2019/12/how-to-switch-your-iphone-to-monochrome-mode/               /2019/12/monochrome-phone-screen/               301

/2019/12/of-course-i-understand-your-acronyms/               /2019/12/misunderstand-acronyms/               301

/2019/12/being-busy-is-not-equal-to-being-productive/               /2019/12/being-busy-not-being-productive/               301

/2019/12/peace-with-the-present/               /2019/12/peace-with-present/               301

/2019/12/the-power-of-crowds-vs-the-power-of-groups/               /2019/12/power-of-groups/               301

/2019/12/the-simple-method-to-increase-your-job-performance-in-the-new-year/               /2019/12/simple-method-reading/               301

/simple-method-reading/               /2019/12/simple-method-reading/               301

/2019/12/small-successes-lead-to-big-victories/               /2019/12/small-successes/               301

/small-successes               /2019/12/small-successes/               301

/2019/12/training-the-coward-inside/               /2019/12/training-the-coward/               301

/2019/11/going-faster-and-getting-lost/               /2019/11/going-faster-getting-lost/               301

/going-faster-getting-lost               /2019/11/going-faster-getting-lost/               301

/2019/10/be-out-in-nature/               /2019/10/out-in-nature/               301

/showing-up               /2019/10/the-profound-power-in-showing-up/               301

/things-we-can-control               /2019/10/the-things-we-actually-have-control-of/               301

/obstacles-the-way               /2019/10/what-stands-in-the-way-becomes-the-way/               301

/2019/09/change-your-medium-to-change-your-results/               /2019/09/change-your-medium/               301

/2019/09/you-are-a-mashup-of-what-you-choose/               /2019/09/you-are-a-mashup-of-choices/               301

/2019/09/get-comfortable-with-your-own-mind/               /2019/09/get-comfortable-with-your-mind/               301

/2019/09/time-to-get-a-library-card/               /2019/09/library-cards/               301

/2019/09/the-joy-of-artistry/               /2019/09/joy-of-artistry/               301

/2019/09/recognizing-bias-through-self-reflection/               /2019/09/recognizing-bias/               301

/2019/09/using-an-apple-watch-with-bluetooth-off/               /2019/09/apple-watch-without-bluetooth/               301

/2020/08/in-a-digital-world-we-miss-65-of-the-message/               /2020/08/digital-world-miss-messages/               301

/2019/09/assume-the-best-in-others-despite-any-evidence-to-the-contrary/               /2019/09/assume-the-best/               301

/scoring-baseball               /2019/09/holiday-fun-scoring-a-baseball-game-on-paper/               301

/2020/08/digital-world-miss-messages/               /2019/09/digital-world-miss-messages/               301

/journal-mashup               /2019/08/my-new-journal-mashup/               301

/protect-privacy-2-steps               /2019/08/start-to-protect-your-privacy-with-these-two-steps/               301

/pen-and-ink               /2019/08/back-to-pen-and-ink/               301

/intermittent-fasting               /2019/01/how-intermittent-fasting-has-helped-my-relationship-with-food/               301

/in-memory-of-roy-hargrove               /2018/11/in-memory-of-roy-hargrove/               301

/mmco               /2018/09/fundraising-for-a-local-nonprofit-is-the-worst/               301
